,赤色TNPNO,TJ,JAN,商品名,入数,箱数,在庫数,賞味期限,原価,会長原価修正,
1,1,45019517,45019517,大塚製薬　ポカリスウェット,24,0,0,2026/6,76,,1
2,3,4514410206168,4514410206168,湖池屋　キッチントルティアチップス塩味,12,17,204,2026/12,128,,1
3,8,4514603284317,4514603284317,ワンダモーニングショット　1缶,30,4,120,2026/8,39,,
4,9,4514603458121,4514603458121,アサヒ　ウイルキンソンタンサン6本セット,4,0,0,2026/9/7,300,,1
5,10,4514603465426,4514603465426,ウィルキンソン　タンサンレモン　マルチパック,4,0,0,2026/9/2,300,,1
6,11,4516974709994,4516974709994,島原手延素麺　250g,30,6,180,2027/06/30,80,,1
7,13,4537048404850,4537048404850 ,インターF スイートコーン・ホール 425g.,24,4,96,2028/03/31,64,,1
8,14,4537048408551,4537048408551,インターフレッシュ スイートコーン 125g×3,24,2,48,2028/2/27,120,,1
9,15,4538872285127,4538872285127,吉野家　缶飯　焼鶏丼,12,5,60,2029/8,120,,1
10,16,4538872286018,4538872286018,吉野家　缶飯　焼塩さば丼,12,5,60,2029/6/30,120,,1
11,17,4538872294013,4538872294013,吉野家　缶飯　牛丼,12,9,108,2029/9,120,,1
12,18,4546786100122,4546786100122,日本海水 食塩　5kg,4,9,36,-,240,,1
13,19,4546786100122,4546786100122,日本海水 食塩　5kg,4,24,96,-,240,,1
14,21,4560132325137,4560132325137,朝日 カットトマト缶ジュースづけ,24,7,168,2027/07/31,88,,1
15,22,4560292290016,4560292290016,レッドブル　250ml,24,15,360,2026/12/31,110,,1
16,25,4562355176169,4562355176169,ISDG　中華房絶対虜！？ガチ中華マーラータン,12,4,48,2026/8/2,242,,
17,28,4571245531216,4571245531216,リンガーハット　ちゃんぽん鍋スープ　700g,12,20,240,2027/１/29,100,,1
18,30,4571245531551,4571245531551,リンガーハット　長崎ちゃんぽんごま豆乳とんこつ味,12,13,156,2026/10/10,100,,1
19,33,4691678131231,4691678131231,信州味噌　白味噌,6,0,0,2026/8/26,120,,1
20,40,4901001542390,4901001542390,味の素 鶏がゆ,9,20,180,2026/12/15,110,,1
21,43,4901001554126,4901001554126,味の素　パスタキューブ香味ボロネーゼ4個　36g,8,0,0,2026/10,98,,1
22,44,4901001563326,4901001563326,味の素 アクアソリタ 500mlペットボトル,24,0,0,2026/12/03,49,,1
23,45,4901001624157,4901001624157,クックドゥ　KOREA　プルコギ用　90g,40,3,120,2027/2,75,,1
24,46,4901001665617,4901001665617,味の素　スチーミーだし香るむね肉のしっとり蒸し鶏用,10,10,100,2027/1,96,,1
25,49,4901001862023,4901001862023,味の素　白米どうぞ　31.5g,5,39,195,2026/10/4,250,,
26,61,4901006120531,4901006120531,井村屋　もっちりぷるんわらびもち黒糖,8,24,192,2026/11/3,105,,1
27,62,4901006351331,4901006351331,井村屋　2合用お赤飯の素,60,10,600,2027/1/19,68,,1
28,63,4901006370325,4901006370325,井村屋　ぜんざいファミリーパック　400g,12,8,96,2027/1/13,145,,1
29,65,4901006370752,4901006370752,井村屋　レンジで簡単！ぜんざい　1人前,30,6,180,2027/6,53,,1
30,66,4901006370769,4901006370769,井村屋　レンジで簡単！おしるこ,30,21,630,2027/6,47,,1
31,71,4901033643713,4901033643713,marusan　ひとつ上の豆乳,12,6,72,2026/12/3,48,,
32,72,4901108012819,4901108012819,エバラ　プチッと鍋　ちゃんこ鍋　23gX6,12,20,240,2027/7/6,80,,1
33,78,4901108016039,4901108016039,エバラ 黄金の味濃熟. 360g,12,9,108,2027/1/6,158,,1
34,85,4901108017234,4901108017234,エバラ　プチッと中華クイック香味オイスター炒め,12,5,60,2027/4/30,80,,1
35,87,4901111523371,4901111523371,ブレンディ　毎日の腸活コーヒー　袋　80g,12,6,72,2027/3,400,,1
36,88,4901111524699,4901111524699,ブレンディ　まろやかな香りブレンド　袋　90g,12,17,204,2027/5/1,400,,1
37,91,4901111570177,4901111570177,ブレンディ　エスプレッソ　袋　90g,12,7,84,2027/8,420,,1
38,92,4901111586352,4901111586352,ちょっと贅沢な珈琲店マイルドブレンド　240g,12,34,408,2027/1,390,,1
39,93,4901111586727,4901111586727,AGF　ブレンディスティックとろけるミルクカフェオレ　8本入り,24,5,120,2027/12,132,,1
40,95,4901111659261,4901111659261,AGF　ブレンディ安らぎのカフェインレスブラック　7本入り,24,5,120,2027/12,171,,1
41,96,4901111740563,4901111740563,AGF　ちょっと贅沢な珈琲店RCモカB　240g,12,6,72,2027/2,420,,1
42,97,4901111807655,4901111807655,AGF　ちょっと贅沢な珈琲店プレミアムブラック産地でアソート,12,4,48,2027/9,210,,1
43,98,4901111897076,4901111897076,森彦の時間　雪レギュラーコーヒー　140g,12,5,60,2027/1,420,,
44,100,4901111938847,4901111938847,AGF　ちょっと贅沢な珈琲店スペシャルブレンドレギュラーコーヒー粉　240g,12,6,72,2027/3,340,,1
45,101,4901111973473,4901111973473,AGF　贅沢STブラックマスターこだわりブレンド,12,13,156,2027/4,299,,1
46,113,4901191660522,4901191660522,大森屋　おつまみわかめ　14g,60,24,1440,2026/8/31,70,,1
47,114,4901201136184,4901201136184,UCC　おいしいカフェインレスコーヒーコク深め,6,8,48,2027/2,175,,1
48,122,4901306007389,4901306007389,カゴメ　旨辛チリトマト鍋スープ　700g,12,6,72,2027/11/18,130,,1
49,128,4901325000439,4901325000439,homemadeCAKEデコペンチョコ,60,0,0,2026/12/31,8,,1
50,130,4901325101259,4901325101259,共立　アイシングシュガー　60g(20g×3色),60,3,180,2026/11/16,10,,1
51,131,4901325101327,4901325101327,アイシングシュガーペン3色,60,103,6180,2026/12/7,6,,1
52,133,4901325300713,4901325300713,トッピングアラザンミックス,40,94,3760,2026/10/4,5,,1
53,134,4901325301239,4901325301239,共立　シュガースプレー,40,54,2160,2026/12/3,5,,1
54,136,4901325302038,4901325302038,トッピングジュエリーシュガー,40,66,2640,2026/12/7,5,,1
55,138,4901325302632,4901325302632,トッピングパステルシュガー,40,34,1360,2026/10/2,5,,1
56,139,4901325302656,4901325302656,共立　アイシングシュガー(植物由来色素使用) 60g(20g×3),60,5,300,2026/12/5,20,,1
57,144,4901325303417,4901325303417,homemadeCAKE　4色デコペン,60,46,2760,2026/11/26,15,,1
58,147,4901325402974,4901325402974,共立　レーズンミックス　40g,72,6,432,2026/7/9,50,66,1
59,148,4901325402974,4901325402974,共立　レーズンミックス　40g,72,22,1584,2026/8/22,50,66,1
60,150,4901325404176,4901325404176,共立　レーズン　35g,72,3,216,2026/10/16,35,46,
61,151,4901325404176,4901325404176,共立　レーズン　35g,72,15,1080,2027/1/9,30,39,1
62,164,4901330307639,4901330307639,カルビー　ポテトチップス贅沢ショコラフルーツスナックフルッツカリッとバナナ,12,16,192,2027/2,59,,1
63,181,4901678130227,4901678130227,家博信州味噌山吹無添加　650g,6,28,168,2026/10/12,120,,1
64,186,4901777247680,4901777247680,サントリー　伊右衛門　特茶S　500ml,24,74,1776,2026/11,108,,1
65,188,4901791004733,4901791004733,岩のり,15,5,75,2027/1/26,150,,1
66,190,4901901006008,4901901006008,マルハニチロ　金のどんぶり中華丼,50,9,450,2027/10/02,63,,1
67,195,4901990052429,4901990052429,マルちゃん　ワンタンバラエティーパック　4食入り,6,0,0,2026/8/9,220,,1
68,197,4901990062213,4901990062213,マルちゃん　ワンタン鶏だし旨味しお味,20,6,120,2026/8/16,55,,1
69,198,4901990062213,4901990062213,マルちゃん　ワンタン鶏だし旨味しお味,20,17,340,2026/9/7,55,,
70,203,4901990168083,4901990168083,マルちゃん　ふっくらおこわ鶏ごぼう　1P,10,20,200,2026/7/15,89,,1
71,212,4901990382953,4901990382953,マルちゃん　正麺野菜ちゃんぽん,12,6,72,2026/7/28,118,,1
72,213,4901990383400,4901990383400,クッタフレンチサラダ味,12,31,372,2026/8/20,78,,1
73,217,4901990623711,4901990623711,マルちゃん　おだしのきいたおもちすうぷ,6,44,264,2026/10,65,,1
74,233,4902105255797,4902105255797,日清　ソース焼そばチキンコンソメスープ付き,12,6,72,2026/9/9,68,,
75,236,4902110251531,4902110251531,ママー　マカロニグラタンセットミートソース,12,16,192,2026/9/22,58,,1
76,237,4902110251548,4902110251548,ママー　マカロニグラタンチーズソース用2人前69,12,146,1752,2026/8/27,58,,1
77,239,4902110262070,4902110262070,ママー　早ゆでスパゲティ1.6mm結束　400g,20,26,520,2028/10,125,,1
78,240,4902110262087,4902110262087 ,ママー　早ゆで4分　1.8mm,20,7,140,2028/7/1,125,,1
79,242,4902110326642,4902110326642,ママー　ペンネ　159g,12,7,84,2028/6/13,75,,1
80,243,4902110331288,4902110331288,マ・マースパゲティ　1.4mm,25,7,175,2028/8,150,,1
81,244,4902110373936,4902110373936,青の洞窟カルボナーラ,30,4,120,2026/11/20,125,,1
82,245,4902170056831,4902170056831,オーマイ　ミートソース　2人前,24,8,192,2026/11,80,,1
83,246,4902170056848,4902170056848,オーマイ　ナポリタン　240g,24,0,0,2026/11,129,,1
84,250,4902179024527,4902179024527,サンガリア　うましゅわさくらんぼソーダ　500ml,24,14,336,2026/7/25,45,,
85,253,4902201444187,4902201444187,ネスカフェ　アイスブレンド,24,3,72,2028/1,360,,1
86,267,4902380198390,4902380198390,日清　アマニ油ドレッシング　こく和風,12,38,456,2026/8/21,105,,1
87,269,4902380198598 ,4902380198598 ,トスカーナオリーブオイル,12,7,84,2026/9/11,400,,1
88,276,4902401512457,4902401512457,ハナマルキ　すぐ旨カップ　みそ辛ッッ　12.1g,6,0,0,2027/1/19,45,,1
89,281,4902462007626,4902462007626,早川製菓 らぶいーずレモン&いちごミルクキャンディ 44g,20,21,420,2026/10/30,38,,1
90,282,4902463010298,4902463010298,やき麩,20,5,100,2026/9/15,65,,1
91,287,4902521123472,4902521123472,ハインツ　煮込みハンバーグソースガーリックトマト,60,3,180,2027/1/24,80,,1
92,288,4902560022644,4902560022644,はごろもシーチキンエブリ,24,6,144,2028/9,84,,1
93,289,4902560166102,4902560166102,はごろもフーズマンゴーダイスカット,6,21,126,2027/5/16,220,,1
94,291,4902560175678,4902560175678,はごろもフーズ　おしるこ,20,40,800,2027/12,47,,1
95,293,4902571761501,4902571761501,はくばくもち麦おかゆ,8,20,160,2027/06/9,87,,1
96,294,4902701900213,4902701900213,マイシロップメロン　350ml,15,8,120,2027/7/18,30,,1
97,297,4902701908288,4902701908288,おいしい缶詰日本海育ちのオイルサーディン,30,4,120,2028/10/1,235,,1
98,310,4902733143503,4902733143503,三河屋製菓　えび満月　おだし風味,12,76,912,2026/7/31,65,,1
99,316,4902777342788,4902777342788,明治銀座カレー中辛,30,0,0,2029/1/31,90,,1
100,317,4902777342795,4902777342795,明治銀座カレー辛口,30,0,0,2028/9,90,,1
101,318,4902777342856,4902777342856,明治銀座カレー甘口,30,0,0,2028/10,90,,1
102,319,4902820020243,4902820020243,丸美屋　麻婆豆腐の素辛口,60,4,240,2027/2/19,98,,1
103,320,4902820108026,4902820108026,丸美屋　のりたま,80,0,0,2027/2/18,90,,1
104,321,4902820108101,4902820108101,丸美屋　本かつお　大袋　38g,80,8,640,2027/3/9,90,,1
105,322,4902820112719,4902820112719,丸美屋　混ぜ込みわかめ　鮭　29g,120,5,600,2027/2/24,50,,1
106,323,4902820112726,4902820112726,丸美屋　混ぜ込みわかめ　若菜　29g,120,2,240,2027/3/9,50,,
107,324,4902820112740,4902820112740,丸美屋　混ぜ込みわかめ　しらす　29g,120,8,960,2027/2/13,50,,1
108,325,4902820213416,4902820213416,丸美屋　鮭貝柱釜めしの素期間限定,30,4,120,2026/10/15,184,,1
109,332,4902856310110,4902856310110,盛田　醸造みりんタイプ　1l,12,0,0,2027/2/3,120,,1
110,333,4902856311100,4902856311100,盛田料理酒　1L,12,5,60,2027/2/4,106,,1
111,337,4902881456661,4902881456661,明星　中華三昧　五目とろみ醤油,12,10,120,2026/8/2,80,,1
112,341,4902888274688,4902888274688,森永　アーモンドクッキーキャラメル　12枚入り,40,0,0,2026/8,88,,1
113,342,4902888274688,4902888274688,森永　アーモンドクッキーキャラメル　12枚入り,40,24,960,2026/8,88,,1
114,343,4902888734922,4902888734922,森永製菓　inエネルギーレモン塩分＋,36,0,0,2026/12,90,,
115,344,4902888734939,4902888734939,森永製菓　inエネルギーフローズン塩分＋,36,2,72,2026/12,90,,
116,345,4902938030936,4902938030936,森井　葛切りカット　160g,15,7,105,2027/8,143,,1
117,346,4903001039047,4903001039047,ヤマサ　ざるそば専科ストレート　330ml,12,30,360,2027/01/31,70,,1
118,348,4903001958867,4903001958867,YAMASA　ジャンタン香味だし醤油,12,10,120,2027/1,130,,1
119,349,4903001958898,4903001958898,ヤマサ　鶏から煮干　そうめんつゆ,12,0,0,2026/08/31,100,,1
120,351,4903001960334,4903001960334,ヤマサ　シャキシャキ食感生姜鍋つゆ　580g,12,23,276,2027/3,80,,1
121,352,4903001960341,4903001960341,ヤマサ　粒々　まみれる麻婆鍋つゆ,12,4,48,2026/12,90,,1
122,363,4903015131737,4903015131737,YBC 魅惑のバタークランチ　あんバター,12,20,240,2026/06/30,36,,
123,371,4903065271353,4903065271353,ヤマキ　そうめんつゆストレート　500ml,12,5,60,2026/08/31,90,,1
124,378,4904655331501,4904655331501,虎産白花豆150g北海道産,20,20,400,2026/9/9,150,,1
125,381,4904851301254,4904851301254,谷尾　生あん仕立てぜんざい　140g,12,85,1020,2027/12,50,,1
126,382,4904851301261,4904851301261,谷尾　生あん仕立ておしるこ　140g,12,109,1308,2028/1,47,,1
127,384,4904851700200,4904851700200,さくらあんゆであずき　400g,24,15,360,2028/07/10,141,,
128,385,4904851700200,4904851700200,さくらあんゆであずき　400g,24,0,0,2028/7/10,141,,1
129,386,4904851700385,4904851700385,谷尾　さくらあんのゆであずき,24,34,816,2028/7/1,70,,1
130,389,4907853313102,4907853313102,ITALIAじゃがいものニョッキ,24,3,72,2026/09/30,167,,1
131,399,4960003000291,4960003000291,鎌田だし醤油,50,5,250,2027/8,100,,
132,402,4970068001614,4970068001614,信州戸隠おじなたそばの極み八割そば,20,4,80,2027/1,165,,1
133,405,4973512279874,4973512279874,サラヤ　へるしごはん　3食入り,8,36,288,2026/9/17,250,,1
134,406,4973512279898 ,4973512279898,サラヤ　へるしごはん　おいしい雑穀　150gX3,8,20,160,2026/9/7,190,,1
135,407,4973524000329,4973524000329,千切りたくあん　500g,10,40,400,2026/9,100,,1
136,408,4973922004929,4973922004929,SUDIサンダイナー食品味噌豚骨鍋スープ,10,14,140,2026/10/8,80,,1
137,411,4976706112087,4976706112087,西京白みそデラックス,8,8,64,2026/9/28,120,,1
138,412,4976706112087,4976706112087,西京白みそデラックス,8,14,112,2026/7/10,120,,1
139,413,4977309041873,4977309041873,本田　リングイネ　2食　200g,12,6,72,2027/1/28,80,,1
140,414,4977309041880,4977309041880,ラサルーテ生パスタ　2食,12,4,48,2027/2/2,80,,1
141,416,4977856212658,4977856212658,MDH　ハッピーポップコーンみたらし＆シーソルト,12,14,168,2026/10/13,75,,1
142,420,4977858031011,4977858031011,マルマン信州産うめうめ酢,6,7,42,2027/9/25,200,,1
143,431,9001432029387,9001432029387,ダルボダブルフルーツガーデンストロベリー,12,9,108,2027/4/24,230,,1
144,432,9300644703468,9300644703468,キャンベル クラムチャウダー,12,15,180,2027/9,150,,1
145,433,9300644703628,9300644703628,キャンベルコーンポタージュ,12,23,276,2027/6,150,,1
146,434,9300644704182 ,9300644704182,キャンベル　日本語ラベル　ミネストローネ　305g,12,11,132,2027/2,150,,1
147,435,4562102141297,4562102141297,オジカ　無添加ウスターソース　220ml,12,0,0,2028/3/2,132,,1
148,436,4901108016602,4901108016602,エバラ　おろしのたれオニオン＆ビネガー　270g,12,10,120,2027/7/13,138,,1
149,437,4970828033015,4970828033015,味の母みりんのうまみお酒の風味,20,0,0,2027/3/17,170,,1
150,439,4902110326635,4902110326635,ママー　グラタンマカロニ,12,67,804,2027/6/23,58,,1
151,441,4514603461312,4514603461312,アサヒ　十六茶　630ml,24,20,480,2027/2,60,,1
152,444,4901108011768,4901108011768,エバラ　寄せ鍋プチっと鍋,12,53,636,2027/6/14,80,,1
153,446,4589897454418,4589897454418,CJ　美酢　アセロラ　900ml,12,0,0,2026/12/7,370,,1
154,447,4589897454852,4589897454852,CJ　美酢　キウイ　900ml,12,0,0,2026/12/6,370,,1
155,448,4902380190288,4902380190288,オイリオ　あっというまゼリー　3gX25,18,4,72,2027/5/10,180,,1
156,449,8410076490629,8410076490629,オールドエルパソファーヒータシーズニング５００ｇ,4,25,100,2026/5/26,18,,1
157,450,4901588231953,4901588231953,ギンビス　ポテパラガス,12,24,288,2026/7/6,44,,1
158,451,4901901659235,4901901659235,マルハニチロ　金のどんぶりコチュジャンビビンパ,50,5,250,2027/9/1,50,,1
159,452,4902833112959,4902833112959,マルトモ　直火焼ソフトけずり　2gX10,12,5,60,2027/7,110,,1
160,454,4901111578586,4901111578586,ブレンディ　袋　90g,12,40,480,2027/5,370,,1
161,455,4901006370257,4901006370257,井村屋 こしあんトッピング,24,1,24,2026/12/18,140,,
162,458,4901201119583,4901201119583,UCC　ビーンズ＆ロースト　カフェラテ,24,24,576,2026/11,58,,1
163,459,4901940113897,4901940113897,東ハト　あみじゃがうましお味どっさりパック,10,6,60,2026/11/6,95,,1
164,460,4901940113873,4901940113873,東ハト　BIGポテコうましお味どっさりパック,10,74,740,2026/11/16,95,,1
165,463,4902820213409,4902820213409,丸美屋　松茸釜めしの素,30,4,120,2026/12/11,180,,1
166,464,4901901011361,4901901011361,金のどんぶりチャプチェ ;,50,3,150,2027/10/01,63,,1
167,465,4902105947135,4902105947135,日清　カレーメシシーフード,6,18,108,2026/8/20,100,,1
168,471,4901340084551,4901340084551,PLUSカルピス免疫サポート6本パック,5,36,180,2026/8,331,,1
169,472,4901340083851,4901340083851,PLUSカルピス睡眠・腸活ケア,5,29,145,2026/9,300,,1
170,473,4560132326899,4560132326899,エキストラバージンココナッツオイル ( 130g ),15,13,195,2027/10/08,220,,1
171,474,4901108011775,4901108011775,エバラ　プチッと鍋　キムチ鍋　23gX6,12,15,180,2027/7/20,80,,1
172,475,4901605512126,4901605512126,SUNYOぜんざい,12,5,60,2027/11/1,78,,1
173,481,4901191660515,4901191660515,おつまみ昆布,60,7,420,2026/8/31,70,,1
174,483,4901673086673,4901673086673,白子のり　NK-TW,20,23,460,2026/12/2,280,,1
175,484,4901306303900,4901306303900,カゴメ　野菜生活100北海道産旬にんじんmix,15,26,390,2026/12/18,160,,1
176,485,4571244191336,4571244191336,マルレねじりマカロニ　200g,30,14,420,2028/4/30,38,,1
177,486,4571244191343,4571244191343,マルレペンネマカロニ　200g,30,7,210,2028/4/12,38,,1
178,488,4571245531216,4571245531216 ,リンガーハット　ちゃんぽん鍋スープ　700g,12,30,360,2026/12/22,100,,1
179,489,4900325026548,4900325026548 ,こまきふ　20g,20,18,360,2026/9/19,35,,1
180,491,4901990383219,4901990383219 ,マルちゃん　麺屋　彩未,12,10,120,2026/8/7,108,,1
181,492,8076809513753,8076809513753 ,バリラペーストジェノベーゼ,12,23,276,2026/10/19,180,,1
182,494,4902494000015,4902494000015 ,ハタラムネ　6本パック,5,4,20,2026/12/15,210,,1
183,495,4902551331335,4902551331335 ,ブルドッグ有機野菜使用のソース,10,15,150,2027/1/1,80,,1
184,496,4904851301278,4904851301278 ,さくらあん生あん仕立て栗入りぜんざい,12,203,2436,2027/11/1,45,,1
185,497,4902401509440,4902401509440 ,ハナマルキ　はなまるやなめこ,6,104,624,2026/9/16,45,,1
186,501,4901336538921,4901336538921 ,栗山うちのあげせん,20,0,0,2026/9/27,48,,1
187,503,4955129035951,4955129035951 ,ニャタデココピーチ,6,30,180,2026/8/1,60,,
188,504,4955129032653,4955129032653 ,たらみ　ナタデココヨーグルトデザート,6,55,330,2026/11/5,60,,
189,505,4902713132060,4902713132060,プラス　麹米麹からつくった麹甘酒　500ml,12,64,768,2026/10/22,120,,1
190,506,4908011740495,4908011740495,雪印　ヨーグルメット,18,35,630,2026/08/19,38,,1
191,508,4902775076609,4902775076609,おやつカンパニー　ベビースターラーメンこくコクうまチキン味,15,16,240,2026/10/13,115,,1
192,509,4901588231755,4901588231755,ギンビス　たべっ子どうぶつベジタブル　5パック,12,5,60,2026/07/05,75,,
193,510,4908011740457,4908011740457,雪印　メグミルクカフェオレ,18,22,396,2026/08/11,38,,1
194,511,4908011740464,4908011740464,雪印　メグミルクばななオレ,18,14,252,2026/08/11,38,,1
195,512,4903015127204,4903015127204,YBC　ノアールバニラクリーム,12,36,432,2027/04/01,120,,1
196,513,4901990383592,4901990383592,マルちゃん　マジ盛りニンニク塩担担麺,12,33,396,2027/09/27,89,,1
197,514,4901325303608,4901325303608,共立　素焼きアーモンド,10,60,600,2026/11/20,270,355,1
198,515,4901990383486,4901990383486,マルちゃん　正麺汁なし担々麺,12,40,480,2026/09/10,106,,1
199,517,4901325403759,4901325403759,共立　ミックスナッツ柚子香る辛子明太子味,72,17,1224,2026/11/05,20,26,
200,518,4901325404763,4901325404763,共立　ミックスナッツ　1kg,6,7,42,2026/10/05,720,947,1
201,519,4901325001252,4901325001252,共立　タルトレット　4個入り,30,1,30,2027/02/04,55,,
202,521,4901990383653,4901990383653,マルちゃん　でかまる辛もやし味噌ラーメン激辛,12,21,252,2026/10/14,95,,1
203,522,4901325404305,4901325404305,共立　APミックスナッツたまり醤油,72,10,720,2026/11/04,30,39,1
204,524,4903015102522,4903015102522,YBC　ルヴァン全粒粉クラッカー,30,26,780,2027/05/01,92,,1
205,525,4903015174581,4903015174581,YBC　エントリーバニラクリーム,12,6,72,2027/03/01,120,,
206,526,4903015174567,4903015174567,YBC　レモンパック,12,24,288,2027/03/01,120,,1
207,527,4901325300720,4901325300720,共立　トッピングアラザン,40,74,2960,2027/02/25,5,,1
208,529,4901325122261,4901325122261,共立　クチナシ色素黒,60,7,420,2027/02/22,5,,1
209,530,4901325000286,4901325000286,共立　三食デコペン,60,15,900,2027/02/19,10,,
210,531,4901330651237,4901330651237,カルビー　じゃがりこベーコンバター醤油味,12,0,0,2026/10/28,80,,1
211,532,4901330648893,4901330648893,カルビー　ミーノだいずに味わうミックスしお味,12,20,240,2026/11/01,65,,
212,534,4902888269578,4902888269578,森永　もちもちクリーミーハイチュウ　プレミアムヨーグルト味,120,3,360,2027/02/01,59,,
213,535,4902888273810,4902888273810,森永　ミルクキャラメルキャンディ　82g,90,13,1170,2026/12/31,70,,1
214,538,4897036690017,4897036690017,エナジードリンクモンスター,24,67,1608,2028/04/01,120,,1
215,539,4901001761456,4901001761456,味の素 スープDELI きのこクリームパスタ3食,10,18,180,2027/02/01,125,,1
216,540,4902713128407,4902713128407,マルコメ　タニタ食堂監修 減塩みそ汁 野菜ときのこ　6食,56,8,448,2026/09/05,123,,1
217,541,4902713136280,4902713136280,マルコメ　プラス糀　糀美人とん汁　4食入,28,13,364,2026/08/23,173,,1
218,543,4902820917000,4902820917000,丸美屋　ソフトふりかけ　ちりめん山椒,80,5,400,2026/10/21,43,,1
219,544,4902820016543,4902820016543,丸美屋　ソフトふりかけ　さけ,80,0,0,2026/10/26,43,,1
220,545,49803112,49803112,江戸むらさき特級,48,5,240,2028/03/31,145,,1
221,547,4976668011978,4976668011978,ヤマニ切り出し昆布北海道日髙産,20,5,100,2028/06/01,260,,1
222,548,4901201116575,4901201116575,UCC　おいしいカフェインレスコーヒー,6,29,174,2027/02/01,200,,1
223,549,4977856204356,4977856204356,贅沢食感魚の炙り焼さっぽり柚子ポン酢味,12,78,936,2026/08/22,115,,1
224,551,4977856206367,4977856206367,魚の骨撰べい,12,74,888,2026/09/16,130,,1
225,553,4901734050087,4901734050087,サッポロ一番　カップスター旨塩,12,12,144,2026/09/21,65,,1
226,554,4901990380225,4901990380225,マルちゃん　ごつ盛り豚骨醤油,12,5,60,2026/09/09,70,,1
227,556,4902826116667,4902826116667,ますやみそゆず胡椒冷や汁の素,12,8,96,2027/01/12,60,,1
228,557,4971836302223,4971836302223,プチ風せん,12,4,48,2026/09/03,155,,1
229,558,709565080051,709565080051,オーガニックアガベシロップ,12,6,72,2028/04/10,254,,1
230,559,4901990169127,4901990169127,マルちゃん　ふっくら五目釜めし3個パック,8,22,176,2026/11/07,200,,1
231,560,4902553022095,4902553022095,フジッコ　純とろ,10,91,910,2027/01/01,100,,1
232,561,4987035646617,4987035646617,ソイジョイバナナ,48,8,384,2027/01/01,64,,1
233,562,4977856206398,4977856206398,魚の炙り焼選,12,52,624,2026/09/04,130,,1
234,563,4901108002025,4901108002025,エバラ　黄金の味辛口　210g,12,2,24,2027/07/25,170,,1
235,564,3179730011154,3179730011154,perrier,12,16,192,2028/07/11,120,,1
236,565,4901325301789,4901325301789,共立　プチタルトショコラ　9個入り,30,52,1560,2027/02/04,50,,1
237,566,4901990624510,4901990624510,マルちゃん　豆腐チゲスープ,6,32,192,2027/08/01,190,,1
238,567,4901001553860,4901001553860,味の素　鍋キューブ鯛と帆立の極みだし鍋　7個,8,26,208,2028/01/01,100,,1
239,568,4902380198178,4902380198178,日清　コレステロール0さらーと軽いオリーブオイル　350g,10,42,420,2028/02/01,220,,1
240,569,4901990513838,4901990513838,マルちゃん　鍋の〆に食べるラーメン1P,10,121,1210,2026/09/05,20,,1
241,570,4987035267614,4987035267614,ボディメンテ,24,16,384,2026/12/01,60,,1
242,571,4901111597976,4901111597976,AGF　ちょっと贅沢な珈琲店北海道薫る深煎りブレンド　230g,12,21,252,2027/01/01,390,,1
243,572,4902380219200,4902380219200,ボスコグリーン&フレッシュ　320g,8,0,0,2027/08/10,350,,1
244,573,4901111740327,4901111740327,AGF　ブレンディスティックほうじ茶オレ　6本入り,24,22,528,2028/02/01,85,,1
245,574,4901990052412,4901990052412,マルちゃん　あさりの旨みワンタンシーフードスープ味,12,12,144,2026/10/21,39,,1
246,578,4978045601574,4978045601574,有機玄米味噌白生みそ非加熱,6,6,36,2026/12/26,170,,1
247,579,4903191103412,4903191103412,ヤマタカ秘蔵みそ信濃塚原矢崎家醸　300g,8,26,208,2027/03/02,125,,1
248,580,4901325134349,4901325134349,共立　デコペンレッド,12,41,492,2026/12/21,30,,
249,581,4901325302656,4901325302656,共立　アイシングシュガー(植物由来色素使用) 60g(20g×3),60,3,180,2027/02/04,60,,
250,582,4901325302618,4901325302618,共立　チッピングカラーシュガー,40,24,960,2027/02/05,3,,1
251,584,4973460159808,4973460159808,みわびぶっかけ氷つゆゆず香る昆布かつお,15,15,225,2026/10/10,15,,1
252,585,4901325302755,4901325302755,トッピングラメシュガー,40,149,5960,2027/01/17,3,,1
253,586,4901325404299,4901325404299,共立　ミックスナッツたまり醤油,60,6,360,2026/10/22,110,145,1
254,587,4901325301239,4901325301239,共立　シュガースプレー,40,30,1200,2027/02/05,3,,1
255,588,4902553020336,4902553020336,フジッコ　塩こんぶ,10,0,0,2027/01/01,72,,1
256,589,4902553020060,4902553020060,減塩ふじっこ塩こんぶ,10,0,0,2027/02/01,78,,1
257,590,4902170256033,4902170256033,オーマイ　早ゆでペンネ3分　160g,16,0,0,2029/03/01,55,,1
258,592,4514603469813,4514603469813,アサヒ　特濃アップルスカッシュ,24,6,144,2026/09/01,55,,1
259,593,4901111938847,4901111938847,AGF　ちょっと贅沢な珈琲店スペシャルブレンドレギュラーコーヒー粉　240g,12,33,396,2027/03/01,340,,1
260,594,4901001603558 ,4901001603558,味の素　つめたーい氷みぞれつゆ鶏だしゆず風味　180g,8,65,520,2027/01/01,15,,1
261,595,4901001754915,4901001754915,味の素　つめたーい氷みぞれつゆかつおだし,8,50,400,2027/02/01,15,,1
262,596,4901001314508,4901001314508,クノール　カップスター4種のチーズのポタージュ,60,0,0,2026/12/01,80,,1
263,599,8801073116566,8801073116566,MEP黒胡椒牛肉味ラーメン,20,7,140,2026/12/15,60,,1
264,601,4903065011928,4903065011928,ヤマキ　氷熟厚削りかつお　70g,10,0,0,2027/02/11,210,,1
265,602,4901108017227,4901108017227,エバラ　プチッと中華クイック濃厚味噌炒め　129g,12,35,420,2027/05/01,80,,1
266,604,4902701915330,4902701915330,明治屋 マイシロップあまおうを味わう,24,7,168,2027/02/04,30,,1
267,605,4902380221258,4902380221258,日清 オーガニックエクストラバージンオイル,10,21,210,2028/1/31,290,,1
268,607,4901520175208,4901520175208,テーブルマーク　深皿ご飯　200g,4,38,152,2027/03/12,352,,1
269,609,4901001139255,4901001139255,クノール カップスープクリミージンジャー　3袋,60,14,840,2027/03/01,80,,1
270,610,4977856212320,4977856212320,きになる！きくらげ梅しそ味,72,13,936,2026/10/26,90,,1
271,611,4902701915460,4902701915460,明治屋 マイシロップ宇治抹茶を味わう,24,7,168,2027/02/03,30,,1
272,612,4901990513173,4901990513173,マルちゃん 正麺豚骨醤油味5P,6,13,78,2026/11/30,270,,1
273,613,4902380218920,4902380218920,日清 キャノーラ＆オリーブ350gペット,10,72,720,2028/01/01,190,,1
274,614,4514603469714,4514603469714,MITSUYA 特濃マスカットスカッシュ,24,43,1032,2026/09/01,45,,1
275,615,4902475212093,4902475212093,ヒガシマル そばスープ　4袋入り,60,17,1020,2027/08/01,47,,1
276,616,4902713134088,4902713134088,料亭の味 あおさとしじみ　10食入り,12,10,120,2027/01/01,180,,1
277,617,4901001130535,4901001130535,味の素 クックドゥ棒棒鶏ソース,40,0,0,2027/10/01,80,,1
278,618,4901001994465,4901001994465,味の素 スチーミーあじしみ鶏とねぎの香ばし醤油味,10,0,0,2027/01/01,80,,1
279,619,4901111543256,4901111543256,AGF　ちょっと贅沢な珈琲店スペシャルブレンド26本分ブラック,12,32,384,2028/01/01,230,,1
280,620,4902881458863,4902881458863,一平ちゃんてりたまマヨ味,12,39,468,2026/08/26,72,,1
281,621,4902888261053,4902888261053,森永　超大粒ラムネ,72,4,288,2027/04/01,130,,1
282,622,4901990380935,4901990380935,マルちゃん　赤いきつね焼うどん,12,19,228,2026/10/15,80,,1
283,623,4901620304584,4901620304584,日清　ココナッツサブレチョコレートミニ,10,12,120,2027/02/01,35,,1
284,624,4901990052412,4901990052412,マルちゃん　あさりの旨みワンタンシーフードスープ味,12,70,840,2026/11/19,39,,1
285,625,4901108017463,4901108017463,エバラ　黄金の味焼肉たれポン酢,12,40,480,2027/02/23,180,,1
286,626,4902713126601,4902713126601,魚沼醸造生塩糀,32,7,224,2026/09/20,75,,1
287,627,4902713119115,4902713119115,マルコメ料亭の味あさり　8食,12,18,216,2026/11/15,38,,1
288,628,4901325402684,4901325402684,共立　バナナチップ　45g,72,0,0,2026/08/26,55,,1
289,632,4901001115808,4901001115808,味の素　コンソメステイック　5本,10,10,100,2027/08/01,61,,1
290,633,4973512279898,4973512279898,サラヤ　へるしごはん　おいしい雑穀　150gX3,8,66,528,2026/09/07,190,,1
291,634,4902881458979,4902881458979,麺神蛤だしと帆立だし白湯ラーメン,12,12,144,2026/08/20,100,,1
292,636,4901990052429,4901990052429,マルちゃん　ワンタンバラエティパック4入り,6,24,144,2026/08/09,220,,1
293,637,4901990052412,4901990052412,マルちゃん　あさりの旨みワンタンシーフードスープ味,12,46,552,2026/08/09,39,,1
294,638,4902881439572,4902881439572,明星　庵きつねうどん大盛,12,5,60,2026/10/09,73,,1
295,639,4901990051033,4901990051033,マルちゃん　札幌スパイシースープカレーワンタン,12,38,456,2026/08/16,39,,1
296,641,4902888553219,4902888553219,森永　おうち茶屋おしるこ粒入り　4袋,10,5,50,2027/10/31,160,,
297,644,4902775076807,4902775076807,ブタメンシーフード味,15,70,1050,2026/08/02,31,,1
298,645,4562104352745,4562104352745,本場韓国の味プルコギたれ500g,12,6,72,2027/03/21,220,,1
299,646,4960003311274,4960003311274,かまだ讃岐うどん醤油200ml,10,23,230,2027/02/28,100,,1
300,647,4514603469714,4514603469714,特濃マスカットスカッシュ,24,14,336,2026/09/30,45,,1
301,648,4902831511280,4902831511280,日東紅茶ローズヒップ,6,0,0,2027/11/30,161,,1
302,649,4902110266092,4902110266092,リッチーナおだしカルボナーラ,40,5,200,2026/12/16,130,,1
303,650,4902110266122,4902110266122,マ・マープロテイストナポリタン,12,7,84,2027/09/08,125,,1
304,651,4901111897076,4901111897076,森彦の時間　雪レギュラーコーヒー140g,12,4,48,2027/01/31,420,,1
305,652,4901588617498,4901588617498,ギンビス　アスパラガスビスケット,144,15,2160,2026/07/15,13,,1
306,653,4977856207173,4977856207173,サクサク紅しょうが揚げ大阪発,12,23,276,2026/08/08,50,,1
307,654,4969738101198,4969738101198,QUAKER INSTANT OATMEAL800g,12,13,156,2027/02/01,240,,1
308,655,4902401512730,4902401512730,ハナマルキ　海苔あおさ,6,25,150,2027/02/15,45,,1
309,656,4901734060048,4901734060048,天下一品京都濃厚鶏白湯,10,17,170,2026/11/13,90,,1
310,657,4969738101204,4969738101204,QUAKER WHOLE ROLLED OATS 800g,12,14,168,2027/02/04,240,,1
311,659,4980209111102,4980209111102,ナンプラーミニパック,72,0,0,2027/07/31,25,,1
312,660,4901108015483,4901108015483,エバラ　牛丼の素200ml,12,17,204,2027/04/24,60,,1
313,661,4902765002137,4902765002137,広島菜のだしひろし,60,4,240,2026/10/29,40,,1
314,662,49608137,49608137,エバラ　焙煎ニンニク風味だれ,12,44,528,2027/03/14,65,,1
315,663,4902955001070,4902955001070,松亀味噌天然醸造あやこがね,8,13,104,2026/09/30,145,,1
316,664,4903024251105,4903024251105,ユウキ食品　中華ドレッシング,6,0,0,2027/01/14,161,,1
317,665,4902110363609,4902110363609,マ・マー早ゆでFineFast 1.8mm,12,15,180,2028/11/21,170,,1
318,666,8801073212190,8801073212190,ブルダック炒め麺チーズ,16,4,64,2026/12/15,115,,1
319,667,4903015153524,4903015153524,YBC　ルヴァンプライムチーズサンド,12,12,144,2027/03/31,120,,1
320,668,49111279,49111279,エバラ　香味焙煎しょうゆだれ,12,34,408,2027/02/03,65,,1
321,669,4902888275234,4902888275234,森永　ミルクキャラメル純喫茶風カフェラテ味,72,10,720,2027/02/28,70,,1
322,670,658243004400,658243004400,ヨシダ　グルメソース350g,12,7,84,2027/02/13,170,,1
323,671,4964366111335,4964366111335,寺田家の有機濃口醤油300ml,10,8,80,2028/02/24,220,,1
324,672,4901155131808,4901155131808,イカリソース　お好み焼きソース,10,7,70,2028/01/31,80,,1
325,673,4902415009219,4902415009219,ブンセン　アラ！のつくだ煮30%減塩,60,12,720,2027/08/31,95,,1
326,674,4904071406340,4904071406340,永井海苔　てりやきのりNAGAI PREMIUM,6,33,198,2026/12/19,220,,1
327,675,4902371331263,4902371331263,おでんこんぶ,10,106,1060,2028/01/08,100,,1
328,676,4902880051317,4902880051317 ,桃屋の鯛みそ,24,0,0,2027/6/26,110,,1
329,677,4901990383615,4901990383615 ,マルちゃん　沖縄風焼きそばチャンプルー,12,14,168,2026/10/11,75,,1
330,678,8001010076568,8001010076568 ,イタリアポンティバルサミコクリーム,6,20,120,2027/10/1,220,,1
331,679,4901901003236,4901901003236 ,マルハニチロさば照焼き,30,14,420,2029/2/1,110,,1
332,680,4901353054022,4901353054022 ,金吾堂久助せんべい,20,18,360,2026/11/2,140,,1
333,681,4977856204530,4977856204530 ,サクサク食感なすの天ぷらだし醤油味,12,15,180,2026/8/13,200,,1
334,682,4901990168021,4901990168021 ,マルちゃんふっくらおこわ中華風３個パック,8,24,192,2026/8/11,200,,1
335,683,4901901006077,4901901006077 ,マルハニチロ　あさりしょうが煮,24,15,360,2028/6/1,115,,1
336,684,4901734053514,4901734053514 ,サッポロ一番3食パック博多純情らーめんしんしん,9,30,270,2026/10/7,140,,1
337,685,4902881439596,4902881439596 ,明星庵天ぷらそば大盛,12,49,588,2026/10/10,73,,1
338,686,4902881439596,4902881439596 ,明星庵天ぷらそば大盛,12,72,864,2026/10/10,73,,1
339,687,4901108013274,4901108013274 ,エバラプチっと鍋豆乳胡麻味,12,9,108,2027/6/23,80,,1
340,688,4901113907704,4901113907704 ,ケロッグ　素材まるごとグラノラ朝摘みいちご,6,40,240,2027/5/31,280,,1
341,689,4901336730271 ,4901336730271 ,２１枚瀬戸しおアソート,12,0,0,2026/11/30,118,,1
342,690,4901990050241,4901990050241 ,マルちゃん食べるスープホットワンタン,12,9,108,2026/11/22,60,,1
343,691,4902401512747,4902401512747,ハナマルキ すぐ旨カップとろろ昆布,6,59,354,2027/02/17,,,
344,692,4901005014275,4901005014275,グリコ　コクうま中華丼,10,12,120,2026/11/30,,,
345,693,4901037137218,4901037137218,岩塚製菓　黒豆割りせん,12,24,288,2026/08/21,,,
346,694,4901005014251,4901005014251,グリコ　コクうま牛丼,10,12,120,2026/11/30,,,
347,695,4902881459259,4902881459259,明星 一平ちゃんわさびマヨしょうゆ味,12,54,648,2026/10/03,,,
348,696,8000500359358,8000500359358,ヌテラ ビスケット,112,14,1568,2026/09/13,,,
349,697,4902110250138,4902110250138,日清製粉ウェルナ　しっとりパウンドケーキ,24,4,96,2026/07/24,,,
350,698,4902110341850,4902110341850,日清製粉　カメリアスペシャル強力小麦粉1kg,15,19,285,2026/09/10,,,
351,699,4902110326598,4902110326598,日清製粉　ママープリっと食感野菜サラダマカロニ,12,156,1872,2027/07/26,,,
352,700,4901330523848,4901330523848,カルビー　ポテトチップスBIGBAGコンソメパンチ,12,10,120,2026/12/31,,,